iter	Passed	Remaining
0	0	72
1	0	64
2	0	64
3	0	62
4	1	64
5	1	62
6	1	60
7	1	59
8	1	57
9	1	56
10	2	55
11	2	54
12	2	53
13	2	53
14	2	52
15	2	52
16	3	62
17	4	64
18	4	65
19	4	66
20	4	65
21	5	65
22	5	64
23	5	63
24	5	64
25	6	63
26	6	62
27	6	62
28	6	61
29	6	60
30	6	60
31	7	59
32	7	58
33	7	58
34	7	57
35	7	56
36	7	56
37	8	55
38	8	55
39	8	54
40	8	54
41	8	53
42	8	53
43	9	53
44	9	52
45	9	52
46	9	51
47	9	51
48	9	50
49	10	50
50	10	50
51	11	52
52	11	52
53	11	51
54	11	52
55	12	52
56	12	52
57	12	51
58	12	52
59	13	52
60	13	51
61	13	51
62	13	51
63	13	51
64	14	52
65	14	52
66	15	52
67	15	52
68	15	52
69	16	53
70	16	53
71	17	53
72	17	53
73	17	53
74	17	52
75	17	52
76	18	52
77	18	51
78	18	51
79	18	51
80	18	50
81	18	50
82	19	50
83	19	49
84	19	49
85	19	49
86	20	49
87	20	49
88	20	49
89	21	49
90	21	48
91	21	48
92	21	48
93	21	48
94	22	47
95	22	47
96	22	47
97	22	46
98	22	46
99	23	46
100	23	45
101	23	45
102	24	45
103	24	45
104	24	45
105	24	45
106	24	44
107	24	44
108	25	44
109	25	43
110	25	43
111	25	43
112	25	42
113	26	42
114	26	42
115	26	41
116	26	41
117	26	41
118	26	41
119	27	40
120	27	40
121	27	40
122	27	39
123	27	39
124	28	40
125	28	39
126	29	39
127	29	39
128	29	39
129	29	38
130	29	38
131	30	38
132	30	38
133	31	38
134	31	38
135	31	38
136	31	37
137	31	37
138	32	37
139	32	36
140	32	36
141	32	36
142	32	36
143	33	35
144	33	35
145	33	35
146	33	34
147	33	34
148	33	34
149	34	34
150	34	33
151	34	33
152	34	33
153	34	32
154	34	32
155	35	32
156	35	32
157	35	31
158	35	31
159	35	31
160	36	31
161	36	30
162	36	30
163	36	30
164	36	30
165	37	29
166	37	29
167	37	29
168	38	29
169	38	29
170	38	28
171	38	28
172	38	28
173	38	28
174	39	27
175	39	27
176	39	27
177	40	27
178	40	27
179	40	26
180	40	26
181	40	26
182	40	26
183	41	25
184	41	25
185	41	25
186	41	25
187	41	24
188	41	24
189	42	24
190	42	24
191	42	23
192	42	23
193	43	23
194	43	23
195	43	23
196	43	22
197	43	22
198	44	22
