id,big_data_skills,maths_stats_skills,coding_skills,ai_and_ml_skills,dashboard_and_storytelling_skills,salary_hike_high_or_low,big_data_skills_valid,maths_stats_skills_valid,coding_skills_valid,ai_and_ml_skills_valid,dashboard_and_storytelling_skills_valid
2809,3.6,4.0,4.5,4.8,5.0,1,True,True,True,True,True
2231,5.0,3.8,3.3,5.0,4.4,0,True,True,True,True,True
3522,4.1,3.8,4.4,4.2,5.0,1,True,True,True,True,True
3291,4.4,3.0,3.3,4.6,2.3,0,True,True,True,True,True
3424,2.3,2.3,2.6,3.3,3.0,0,True,True,True,True,True
3757,5.0,3.8,2.6,4.9,2.9,0,True,True,True,True,True
2544,3.0,5.0,5.0,5.0,5.0,1,True,True,True,True,True
3482,3.8,4.4,3.4,3.0,4.8,0,True,True,True,True,True
3702,3.5,4.4,5.0,4.6,5.0,1,True,True,True,True,True
3312,5.0,3.1,5.0,4.8,3.2,0,True,True,True,True,True
3944,2.4,5.0,5.0,5.0,5.0,1,True,True,True,True,True
2668,4.9,2.7,3.8,4.6,5.0,0,True,True,True,True,True
2386,3.8,5.0,4.6,4.7,5.0,1,True,True,True,True,True
2622,3.6,5.0,5.0,5.0,5.0,1,True,True,True,True,True
3398,4.5,5.0,5.0,5.0,5.0,1,True,True,True,True,True
3043,2.9,5.0,4.4,5.0,4.4,0,True,True,True,True,True
2292,3.7,4.8,4.6,5.0,3.3,0,True,True,True,True,True
3101,5.0,3.9,5.0,4.2,5.0,1,True,True,True,True,True
3861,3.1,5.0,5.0,5.0,5.0,1,True,True,True,True,True
2381,2.8,4.9,5.0,5.0,5.0,1,True,True,True,True,True
3176,2.9,5.0,3.9,5.0,2.3,0,True,True,True,True,True
3060,3.8,5.0,3.2,4.6,2.5,0,True,True,True,True,True
2518,2.9,2.5,3.2,5.0,3.9,0,True,True,True,True,True
3876,3.5,4.5,4.6,4.4,4.6,0,True,True,True,True,True
2511,4.3,5.0,5.0,5.0,5.0,1,True,True,True,True,True
2180,4.0,5.0,5.0,5.0,5.0,1,True,True,True,True,True
3819,2.4,3.4,3.1,4.3,2.5,0,True,True,True,True,True
3788,4.4,4.0,4.1,4.9,2.9,0,True,True,True,True,True
3608,5.0,5.0,4.6,2.8,3.7,0,True,True,True,True,True
3291,4.8,4.5,5.0,4.8,5.0,1,True,True,True,True,True
2845,5.0,3.5,3.1,4.3,5.0,0,True,True,True,True,True
3400,3.1,3.8,4.1,4.9,3.8,0,True,True,True,True,True
2963,3.6,4.0,4.5,4.8,5.0,0,True,True,True,True,True
2627,5.0,3.8,3.3,5.0,4.4,0,True,True,True,True,True
3742,4.1,3.8,4.4,4.2,5.0,0,True,True,True,True,True
2651,4.4,3.0,3.3,4.6,2.3,0,True,True,True,True,True
2931,2.3,2.3,2.6,3.3,3.0,0,True,True,True,True,True
2132,5.0,3.8,2.6,4.9,2.9,0,True,True,True,True,True
3287,3.0,5.0,5.0,5.0,5.0,0,True,True,True,True,True
2530,3.8,4.4,3.4,3.0,4.8,1,True,True,True,True,True
2812,3.5,4.4,5.0,4.6,5.0,1,True,True,True,True,True
3781,5.0,3.1,5.0,4.8,3.2,0,True,True,True,True,True
3160,2.4,5.0,5.0,5.0,5.0,0,True,True,True,True,True
2189,4.9,2.7,3.8,4.6,5.0,0,True,True,True,True,True
2088,3.8,5.0,4.6,4.7,5.0,0,True,True,True,True,True
2261,3.6,5.0,5.0,5.0,5.0,1,True,True,True,True,True
3418,4.5,5.0,5.0,5.0,5.0,1,True,True,True,True,True
3530,2.9,5.0,4.4,5.0,4.4,1,True,True,True,True,True
2711,3.7,4.8,4.6,5.0,3.3,1,True,True,True,True,True
2355,5.0,3.9,5.0,4.2,5.0,1,True,True,True,True,True
3150,3.1,5.0,5.0,5.0,5.0,1,True,True,True,True,True
2171,2.8,4.9,5.0,5.0,5.0,1,True,True,True,True,True
3408,2.9,5.0,3.9,5.0,2.3,1,True,True,True,True,True
3407,3.8,5.0,3.2,4.6,2.5,1,True,True,True,True,True
2681,2.9,2.5,3.2,5.0,3.9,0,True,True,True,True,True
2136,3.5,4.5,4.6,4.4,4.6,1,True,True,True,True,True
2053,4.3,5.0,5.0,5.0,5.0,1,True,True,True,True,True
2529,4.0,5.0,5.0,5.0,5.0,0,True,True,True,True,True
2223,2.4,3.4,3.1,4.3,2.5,0,True,True,True,True,True
3807,4.2,5.0,5.0,4.5,5.0,1,True,True,True,True,True
4000,3.1,5.0,4.9,4.6,5.0,1,True,True,True,True,True
2620,2.6,5.0,5.0,3.0,5.0,0,True,True,True,True,True
2962,2.3,4.6,4.3,3.8,5.0,0,True,True,True,True,True
2212,3.5,2.4,4.6,5.0,2.9,0,True,True,True,True,True
3326,4.8,5.0,4.4,2.9,3.5,0,True,True,True,True,True
3768,3.1,4.1,5.0,5.0,5.0,0,True,True,True,True,True
2635,3.3,5.0,5.0,5.0,5.0,1,True,True,True,True,True
3695,4.0,4.6,5.0,4.7,5.0,1,True,True,True,True,True
2275,3.0,5.0,5.0,5.0,5.0,1,True,True,True,True,True
3504,4.8,4.9,4.9,4.8,4.2,1,True,True,True,True,True
2536,4.5,4.1,5.0,5.0,5.0,1,True,True,True,True,True
2906,3.3,5.0,4.8,5.0,5.0,1,True,True,True,True,True
2759,5.0,4.2,4.4,4.7,5.0,1,True,True,True,True,True
2045,4.1,5.0,5.0,5.0,5.0,1,True,True,True,True,True
2161,4.6,3.9,5.0,4.6,5.0,1,True,True,True,True,True
3032,4.6,5.0,4.5,5.0,5.0,1,True,True,True,True,True
3679,3.1,5.0,5.0,5.0,5.0,1,True,True,True,True,True
3106,3.0,3.5,2.9,5.0,5.0,0,True,True,True,True,True
3281,3.2,5.0,5.0,5.0,5.0,1,True,True,True,True,True
2094,3.4,4.4,3.3,5.0,4.4,0,True,True,True,True,True
2276,3.9,2.7,2.2,5.0,5.0,0,True,True,True,True,True
2966,4.3,5.0,4.7,5.0,5.0,1,True,True,True,True,True
3773,5.0,5.0,5.0,4.8,5.0,1,True,True,True,True,True
3855,5.0,3.5,2.9,3.5,3.1,0,True,True,True,True,True
2405,3.7,4.5,3.9,3.5,5.0,0,True,True,True,True,True
2925,2.8,2.2,2.3,3.6,2.7,0,True,True,True,True,True
2981,4.7,4.5,3.0,5.0,5.0,1,True,True,True,True,True
2991,2.9,3.9,2.9,5.0,4.8,0,True,True,True,True,True
2667,5.0,4.8,5.0,3.0,3.0,0,True,True,True,True,True
3841,4.1,4.9,4.8,5.0,5.0,1,True,True,True,True,True
2310,3.8,5.0,5.0,4.8,5.0,1,True,True,True,True,True
2725,2.5,5.0,3.2,5.0,2.7,0,True,True,True,True,True
2630,5.0,5.0,5.0,4.9,5.0,1,True,True,True,True,True
2487,3.7,5.0,5.0,5.0,5.0,1,True,True,True,True,True
2577,4.9,5.0,5.0,5.0,5.0,1,True,True,True,True,True
3476,2.5,4.3,5.0,3.1,3.0,0,True,True,True,True,True
3440,4.1,5.0,5.0,4.9,5.0,1,True,True,True,True,True
3618,3.5,5.0,4.4,4.8,5.0,1,True,True,True,True,True
3818,3.1,5.0,3.3,5.0,5.0,1,True,True,True,True,True
2941,4.4,2.7,5.0,3.1,5.0,0,True,True,True,True,True
2035,3.0,3.2,5.0,4.0,4.1,0,True,True,True,True,True
2223,3.3,3.8,5.0,3.4,2.5,0,True,True,True,True,True
3910,4.9,4.6,2.3,5.0,4.9,1,True,True,True,True,True
3357,4.5,2.6,2.5,2.2,3.3,0,True,True,True,True,True
2164,2.7,4.4,3.9,5.0,2.3,0,True,True,True,True,True
3464,5.0,2.9,4.6,3.6,2.7,0,True,True,True,True,True
3341,3.3,5.0,5.0,5.0,5.0,1,True,True,True,True,True
3034,2.7,2.9,5.0,3.9,5.0,0,True,True,True,True,True
2946,2.8,5.0,2.5,5.0,3.3,0,True,True,True,True,True
2304,5.0,4.6,2.9,5.0,4.2,1,True,True,True,True,True
3759,3.8,5.0,3.7,4.5,5.0,1,True,True,True,True,True
3385,3.5,5.0,5.0,5.0,5.0,1,True,True,True,True,True
2615,5.0,5.0,5.0,3.4,2.6,0,True,True,True,True,True
2361,4.2,3.8,3.8,5.0,5.0,1,True,True,True,True,True
3405,5.0,4.4,5.0,5.0,5.0,0,True,True,True,True,True
2704,4.6,3.4,4.4,5.0,2.9,0,True,True,True,True,True
3872,3.5,5.0,5.0,5.0,5.0,1,True,True,True,True,True
2168,3.9,4.0,2.3,4.8,5.0,1,True,True,True,True,True
3923,4.3,2.3,3.0,3.5,5.0,0,True,True,True,True,True
3065,2.5,4.9,2.9,3.0,2.9,0,True,True,True,True,True
2127,5.0,4.5,5.0,4.3,5.0,1,True,True,True,True,True
2032,2.9,5.0,4.8,5.0,5.0,1,True,True,True,True,True
2324,3.6,5.0,5.0,5.0,5.0,1,True,True,True,True,True
3330,5.0,2.9,3.2,2.3,2.6,0,True,True,True,True,True
2155,5.0,4.2,5.0,4.5,4.5,1,True,True,True,True,True
2007,5.0,3.6,5.0,4.7,4.6,1,True,True,True,True,True
2354,3.4,5.0,5.0,5.0,5.0,1,True,True,True,True,True
3265,5.0,4.7,5.0,5.0,5.0,1,True,True,True,True,True
3546,4.4,2.8,5.0,3.9,4.6,0,True,True,True,True,True
3774,4.4,5.0,4.4,5.0,5.0,1,True,True,True,True,True
3771,2.6,5.0,3.3,5.0,4.1,0,True,True,True,True,True
3381,3.0,4.9,5.0,5.0,3.1,0,True,True,True,True,True
2084,3.6,5.0,5.0,5.0,5.0,1,True,True,True,True,True
3980,4.0,4.9,5.0,5.0,5.0,1,True,True,True,True,True
2420,4.1,2.8,2.3,4.4,3.9,0,True,True,True,True,True
3164,4.8,5.0,2.5,5.0,5.0,0,True,True,True,True,True
2010,3.6,4.0,3.9,4.8,5.0,1,True,True,True,True,True
2097,5.0,3.8,4.6,5.0,4.4,1,True,True,True,True,True
3497,4.1,3.8,5.0,4.2,5.0,1,True,True,True,True,True
